loss,task_1_output_loss,task_2_output_loss,task_1_output_accuracy,task_2_output_accuracy,val_loss,val_task_1_output_loss,val_task_2_output_loss,val_task_1_output_accuracy,val_task_2_output_accuracy,lr
0.6557772755622864,0.6896594166755676,0.6218950152397156,0.5600000023841858,0.25999999046325684,0.6735470294952393,0.6955969333648682,0.6514973044395447,0.5066666603088379,0.31333333253860474,0.001
0.5527895092964172,0.6189774870872498,0.4866015613079071,0.6600000262260437,0.5400000214576721,0.6378477215766907,0.6870124936103821,0.5886828899383545,0.5333333611488342,0.5600000023841858,0.001
0.4990636110305786,0.5754400491714478,0.4226871132850647,0.6399999856948853,0.5400000214576721,0.6103569269180298,0.6703656315803528,0.5503481030464172,0.6066666841506958,0.4866666793823242,0.001
0.48328712582588196,0.5564112663269043,0.4101630747318268,0.7200000286102295,0.5199999809265137,0.6004067659378052,0.6684356927871704,0.5323779582977295,0.6000000238418579,0.47333332896232605,0.001
0.47257542610168457,0.5562275052070618,0.3889232873916626,0.7799999713897705,0.6600000262260437,0.6067293882369995,0.6837253570556641,0.5297333002090454,0.5400000214576721,0.4866666793823242,0.001
0.42835602164268494,0.4825654625892639,0.37414658069610596,0.800000011920929,0.6800000071525574,0.6145910620689392,0.6865699291229248,0.5426123738288879,0.54666668176651,0.4466666579246521,0.001
0.43524888157844543,0.504060685634613,0.36643704771995544,0.800000011920929,0.6399999856948853,0.6211189031600952,0.6899041533470154,0.5523337125778198,0.5199999809265137,0.09333333373069763,0.001
0.45029786229133606,0.5404682755470276,0.36012741923332214,0.699999988079071,0.7200000286102295,0.6173806190490723,0.6941609382629395,0.5406003594398499,0.5133333206176758,0.09333333373069763,0.001
0.452540785074234,0.546950101852417,0.3581314980983734,0.699999988079071,0.6200000047683716,0.6153825521469116,0.6955347657203674,0.535230278968811,0.5933333039283752,0.09333333373069763,0.001
0.43522244691848755,0.5153311491012573,0.35511359572410583,0.7799999713897705,0.6600000262260437,0.614605724811554,0.6962581872940063,0.5329534411430359,0.5933333039283752,0.09333333373069763,0.001
0.43859806656837463,0.5055015087127686,0.3716945946216583,0.8199999928474426,0.5799999833106995,0.6277145147323608,0.7096924781799316,0.54573655128479,0.6399999856948853,0.09333333373069763,0.001
0.4096319079399109,0.47170382738113403,0.3475600481033325,0.8399999737739563,0.6600000262260437,0.638394832611084,0.7114596366882324,0.5653300881385803,0.5066666603088379,0.09333333373069763,0.001
0.40493735671043396,0.4632332921028137,0.3466413915157318,0.8199999928474426,0.699999988079071,0.6598138213157654,0.7480490803718567,0.5715784430503845,0.5066666603088379,0.09333333373069763,0.001
0.40663307905197144,0.46902453899383545,0.34424158930778503,0.7799999713897705,0.6600000262260437,0.6958897113800049,0.8037814497947693,0.5879980325698853,0.5066666603088379,0.09333333373069763,0.001
0.38760992884635925,0.42403995990753174,0.35117995738983154,0.8399999737739563,0.6600000262260437,0.695827305316925,0.7960271239280701,0.5956274271011353,0.5066666603088379,0.09333333373069763,0.001
0.4048031270503998,0.45650672912597656,0.3530994653701782,0.7400000095367432,0.6000000238418579,0.7203779816627502,0.828822135925293,0.611933708190918,0.5066666603088379,0.09333333373069763,0.001
0.41726192831993103,0.4729791581630707,0.3615446388721466,0.7400000095367432,0.699999988079071,0.7095924615859985,0.8270881175994873,0.5920966267585754,0.5066666603088379,0.09333333373069763,0.001
0.3979172110557556,0.44141727685928345,0.35441720485687256,0.8799999952316284,0.6600000262260437,0.6936254501342773,0.7923001646995544,0.5949507355690002,0.5066666603088379,0.09333333373069763,0.001
0.35677966475486755,0.38253799080848694,0.33102139830589294,0.8999999761581421,0.699999988079071,0.7128063440322876,0.8335115313529968,0.5921011567115784,0.5066666603088379,0.09333333373069763,0.001
0.37622547149658203,0.417797327041626,0.33465370535850525,0.8199999928474426,0.6800000071525574,0.7432703971862793,0.8649452924728394,0.6215957403182983,0.5066666603088379,0.09333333373069763,0.001
0.3614911735057831,0.3881809115409851,0.3348013758659363,0.8799999952316284,0.7200000286102295,0.7682956457138062,0.9060899019241333,0.6305011510848999,0.5066666603088379,0.09333333373069763,0.001
0.34156307578086853,0.3433894217014313,0.3397367596626282,0.8799999952316284,0.6800000071525574,0.8527889251708984,1.0555007457733154,0.6500771641731262,0.5066666603088379,0.09333333373069763,0.001
0.3186587691307068,0.30648642778396606,0.3308311104774475,0.8399999737739563,0.699999988079071,0.905794084072113,1.1438872814178467,0.6677010655403137,0.5066666603088379,0.09333333373069763,0.001
0.31619301438331604,0.3029802441596985,0.329405814409256,0.8799999952316284,0.699999988079071,0.9939362406730652,1.328427791595459,0.6594445705413818,0.5066666603088379,0.09333333373069763,0.001
0.3942836821079254,0.45908868312835693,0.3294786512851715,0.7799999713897705,0.7200000286102295,0.9301891922950745,1.1966310739517212,0.6637471914291382,0.5066666603088379,0.09333333373069763,0.001
0.3543841540813446,0.37040966749191284,0.338358610868454,0.8199999928474426,0.6399999856948853,0.7862032055854797,0.9060303568840027,0.666375994682312,0.5066666603088379,0.09333333373069763,0.001
0.3356872797012329,0.35251182317733765,0.31886276602745056,0.8799999952316284,0.6600000262260437,0.7709829807281494,0.8539510369300842,0.6880149841308594,0.5066666603088379,0.09333333373069763,0.001
0.40858927369117737,0.4926045536994934,0.3245740532875061,0.8199999928474426,0.6800000071525574,0.7837252020835876,0.8727614283561707,0.6946887969970703,0.5066666603088379,0.09333333373069763,0.001
0.3486461639404297,0.38101181387901306,0.31628045439720154,0.8399999737739563,0.7200000286102295,0.8338882923126221,0.973041296005249,0.6947354078292847,0.5066666603088379,0.09333333373069763,0.001
0.3641561269760132,0.4104277491569519,0.3178844749927521,0.8799999952316284,0.7200000286102295,0.8564528226852417,1.0691840648651123,0.6437215805053711,0.5066666603088379,0.09333333373069763,0.001
0.3601577877998352,0.4014001190662384,0.318915456533432,0.8600000143051147,0.7200000286102295,0.8539548516273499,1.0541025400161743,0.6538072228431702,0.5066666603088379,0.09333333373069763,0.001
0.35809898376464844,0.401699036359787,0.31449899077415466,0.8600000143051147,0.699999988079071,0.8478713631629944,1.0240317583084106,0.6717109680175781,0.5066666603088379,0.09333333373069763,0.001
0.28688845038414,0.28391316533088684,0.2898637652397156,0.9399999976158142,0.7599999904632568,0.8671870827674866,1.0613337755203247,0.6730402112007141,0.5066666603088379,0.09333333373069763,0.001
0.319173127412796,0.3347032070159912,0.30364301800727844,0.8600000143051147,0.7200000286102295,0.9085623025894165,1.2024383544921875,0.6146861910820007,0.5066666603088379,0.09333333373069763,0.001
0.3410423994064331,0.35834556818008423,0.323739230632782,0.8399999737739563,0.6800000071525574,0.8699195384979248,1.1046847105026245,0.6351545453071594,0.5066666603088379,0.09333333373069763,0.001
0.293741911649704,0.2769288718700409,0.3105549216270447,0.9200000166893005,0.699999988079071,0.8803987503051758,1.1569228172302246,0.6038747429847717,0.5066666603088379,0.09333333373069763,0.001
0.261465847492218,0.21855907142162323,0.3043726086616516,0.9599999785423279,0.6600000262260437,0.9902122020721436,1.3593077659606934,0.6211164593696594,0.5066666603088379,0.09333333373069763,0.001
0.26326707005500793,0.22717787325382233,0.29935622215270996,0.9200000166893005,0.6800000071525574,0.9854679107666016,1.3190484046936035,0.6518871784210205,0.5066666603088379,0.09333333373069763,0.001
0.2553485333919525,0.23118019104003906,0.27951687574386597,0.9200000166893005,0.800000011920929,0.8132707476615906,1.050584316253662,0.575957179069519,0.5266666412353516,0.09333333373069763,0.001
0.3194671869277954,0.342799574136734,0.2961348593235016,0.8600000143051147,0.6800000071525574,1.0269094705581665,1.4674245119094849,0.5863944888114929,0.5066666603088379,0.19333332777023315,0.001
0.33891165256500244,0.38471388816833496,0.2931094467639923,0.9399999976158142,0.6800000071525574,0.9616417288780212,1.293689250946045,0.6295942068099976,0.5266666412353516,0.14000000059604645,0.001
0.29750609397888184,0.29631608724594116,0.2986961007118225,0.8999999761581421,0.7200000286102295,0.8662034273147583,1.232901692390442,0.4995054006576538,0.5066666603088379,0.31333333253860474,0.001
0.33268803358078003,0.35241276025772095,0.3129633069038391,0.8600000143051147,0.7200000286102295,0.8072947859764099,1.1151814460754395,0.4994080066680908,0.5133333206176758,0.3400000035762787,0.001
0.27036750316619873,0.26008158922195435,0.2806534469127655,0.9200000166893005,0.7599999904632568,0.8118728995323181,1.096256971359253,0.5274889469146729,0.5266666412353516,0.19333332777023315,0.001
0.27294084429740906,0.25998160243034363,0.28590014576911926,0.8999999761581421,0.7400000095367432,0.892532229423523,1.2455229759216309,0.5395415425300598,0.5400000214576721,0.273333340883255,0.001
0.22565308213233948,0.17622411251068115,0.2750820219516754,0.9800000190734863,0.6800000071525574,0.6818873882293701,0.8907325267791748,0.47304248809814453,0.6200000047683716,0.2866666615009308,0.001
0.2649867534637451,0.2375735491514206,0.29239991307258606,0.9200000166893005,0.7200000286102295,0.762985348701477,1.0226802825927734,0.5032902359962463,0.6800000071525574,0.20666666328907013,0.001
0.21594715118408203,0.17947253584861755,0.2524217665195465,0.9399999976158142,0.7799999713897705,0.7523645758628845,1.011583924293518,0.4931449890136719,0.699999988079071,0.31333333253860474,0.001
0.21100512146949768,0.14622125029563904,0.2757889926433563,0.9800000190734863,0.7200000286102295,0.7155541777610779,0.9628825783729553,0.4682258069515228,0.6733333468437195,0.36000001430511475,0.001
0.2053968459367752,0.136296808719635,0.2744968831539154,0.9599999785423279,0.6800000071525574,0.6349093914031982,0.8413501977920532,0.428468257188797,0.6866666674613953,0.41999998688697815,0.001
0.23670150339603424,0.20702391862869263,0.26637911796569824,0.8999999761581421,0.699999988079071,0.5407114624977112,0.671394944190979,0.4100278913974762,0.7200000286102295,0.41999998688697815,0.001
0.31196829676628113,0.3282540440559387,0.29568254947662354,0.8600000143051147,0.7400000095367432,0.6014280319213867,0.7876733541488647,0.4151827096939087,0.6266666650772095,0.4333333373069763,0.001
0.2725832164287567,0.25828927755355835,0.28687718510627747,0.9200000166893005,0.7200000286102295,0.9249882102012634,1.4043360948562622,0.4456404745578766,0.5733333230018616,0.40666666626930237,0.001
0.25248634815216064,0.23845724761486053,0.26651549339294434,0.9599999785423279,0.7599999904632568,0.9866217970848083,1.5365080833435059,0.436735063791275,0.5266666412353516,0.3933333456516266,0.001
0.2402993142604828,0.20452357828617096,0.2760750651359558,0.9200000166893005,0.6800000071525574,0.5466209053993225,0.7276276350021362,0.36561402678489685,0.6800000071525574,0.4866666793823242,0.001
0.214152529835701,0.17076055705547333,0.25754451751708984,0.9399999976158142,0.7200000286102295,0.8026155829429626,1.179110050201416,0.42612117528915405,0.5799999833106995,0.40666666626930237,0.001
0.2110651433467865,0.17278356850147247,0.24934668838977814,0.9200000166893005,0.7400000095367432,0.7297227382659912,1.0764673948287964,0.3829779624938965,0.6666666865348816,0.4533333480358124,0.001
0.21439401805400848,0.16776245832443237,0.2610255479812622,0.9599999785423279,0.699999988079071,0.6555497646331787,0.93796306848526,0.3731364607810974,0.6000000238418579,0.41333332657814026,0.001
0.2773772180080414,0.28347885608673096,0.2712755799293518,0.8999999761581421,0.7400000095367432,0.5420160889625549,0.7010360956192017,0.3829963207244873,0.7400000095367432,0.46666666865348816,0.001
0.3052996098995209,0.3222202658653259,0.2883789539337158,0.8799999952316284,0.6800000071525574,0.45464253425598145,0.5765165686607361,0.33276844024658203,0.6333333253860474,0.6933333277702332,0.001
0.31764328479766846,0.3497871458530426,0.2854994237422943,0.8399999737739563,0.7400000095367432,0.45310571789741516,0.5753567218780518,0.33085474371910095,0.6399999856948853,0.6666666865348816,0.001
0.27115708589553833,0.23091159760951996,0.31140264868736267,0.9200000166893005,0.6399999856948853,0.5514906644821167,0.7727087736129761,0.3302726745605469,0.5133333206176758,0.6200000047683716,0.001
0.24173597991466522,0.18235839903354645,0.3011135160923004,0.9599999785423279,0.6399999856948853,0.41794320940971375,0.5346851944923401,0.30120113492012024,0.7133333086967468,0.6933333277702332,0.001
0.21932151913642883,0.16620181500911713,0.27244120836257935,0.9800000190734863,0.6800000071525574,0.2582758665084839,0.2143721580505371,0.30217957496643066,0.9866666793823242,0.653333306312561,0.001
0.2076525092124939,0.1419350504875183,0.2733699679374695,0.9800000190734863,0.6800000071525574,0.2611653506755829,0.23915715515613556,0.2831735908985138,0.9399999976158142,0.7066666483879089,0.001
0.24489854276180267,0.20852448046207428,0.28127264976501465,0.9599999785423279,0.6000000238418579,0.2830360233783722,0.27273333072662354,0.29333868622779846,0.9666666388511658,0.7066666483879089,0.001
0.20926979184150696,0.15132687985897064,0.2672126889228821,0.9599999785423279,0.7599999904632568,0.2384069263935089,0.18539667129516602,0.29141727089881897,0.9733333587646484,0.699999988079071,0.001
0.18263846635818481,0.11354047060012817,0.25173652172088623,0.9800000190734863,0.7400000095367432,0.24568723142147064,0.20408238470554352,0.2872920334339142,0.95333331823349,0.6933333277702332,0.001
0.22119933366775513,0.19236330687999725,0.2500354051589966,0.9399999976158142,0.7200000286102295,0.5402368307113647,0.742703378200531,0.3377701938152313,0.5133333206176758,0.6133333444595337,0.001
0.21520912647247314,0.17064827680587769,0.2597699761390686,0.9399999976158142,0.7200000286102295,0.27587053179740906,0.2480524182319641,0.3036887049674988,0.9066666960716248,0.6133333444595337,0.001
0.20560435950756073,0.1704903095960617,0.24071842432022095,0.9399999976158142,0.7599999904632568,0.22301220893859863,0.1621924340724945,0.2838320732116699,0.9866666793823242,0.6466666460037231,0.001
0.2263931781053543,0.19136065244674683,0.2614257335662842,0.9399999976158142,0.6800000071525574,0.21261627972126007,0.1387411206960678,0.2864914834499359,0.9733333587646484,0.6333333253860474,0.001
0.22017520666122437,0.18301896750926971,0.2573314607143402,0.9599999785423279,0.7799999713897705,0.2674981951713562,0.21119284629821777,0.32380354404449463,0.9266666769981384,0.5533333420753479,0.001
0.20624585449695587,0.15618863701820374,0.256303071975708,0.9399999976158142,0.7799999713897705,0.22547930479049683,0.16672123968601227,0.2842373549938202,0.9466666579246521,0.5799999833106995,0.001
0.1924392580986023,0.13929423689842224,0.24558427929878235,0.9800000190734863,0.7200000286102295,0.3926789462566376,0.48673680424690247,0.2986210286617279,0.653333306312561,0.6933333277702332,0.001
0.19121608138084412,0.10956220328807831,0.2728699743747711,0.9800000190734863,0.699999988079071,0.23118630051612854,0.16071367263793945,0.3016589879989624,0.9466666579246521,0.5933333039283752,0.001
0.19456082582473755,0.12449127435684204,0.26463037729263306,0.9599999785423279,0.699999988079071,0.3017541170120239,0.27801045775413513,0.3254978060722351,0.8600000143051147,0.6133333444595337,0.001
0.18846048414707184,0.10033389180898666,0.27658703923225403,0.9800000190734863,0.6600000262260437,0.20589172840118408,0.13939419388771057,0.2723892331123352,0.9933333396911621,0.6800000071525574,0.001
0.19998924434185028,0.1417633295059204,0.25821512937545776,0.9800000190734863,0.6800000071525574,0.21517926454544067,0.13264235854148865,0.29771605134010315,0.9466666579246521,0.5799999833106995,0.001
0.23594039678573608,0.1970573216676712,0.2748234272003174,0.9599999785423279,0.7200000286102295,0.240362748503685,0.15588948130607605,0.3248360753059387,0.9733333587646484,0.6066666841506958,0.001
0.20826709270477295,0.15242022275924683,0.2641139626502991,0.9800000190734863,0.7400000095367432,0.21449358761310577,0.09981737285852432,0.32916975021362305,0.9933333396911621,0.5866666436195374,0.001
0.18703976273536682,0.13139617443084717,0.24268335103988647,0.9399999976158142,0.699999988079071,0.32321712374687195,0.3356876075267792,0.3107466995716095,0.8333333134651184,0.6466666460037231,0.001
0.16663962602615356,0.0914442241191864,0.24183505773544312,0.9800000190734863,0.7799999713897705,0.3315720856189728,0.36379683017730713,0.2993473708629608,0.8066666722297668,0.653333306312561,0.001
0.16866445541381836,0.07140782475471497,0.26592111587524414,1.0,0.699999988079071,0.7622923851013184,1.1788501739501953,0.34573447704315186,0.5600000023841858,0.6466666460037231,0.001
0.22313791513442993,0.1875309944152832,0.25874486565589905,0.9599999785423279,0.7400000095367432,0.2705898880958557,0.24223612248897552,0.29894372820854187,0.9133333563804626,0.6733333468437195,0.001
0.2266279011964798,0.18599700927734375,0.26725882291793823,0.9200000166893005,0.699999988079071,0.6029168963432312,0.8155381679534912,0.39029547572135925,0.5733333230018616,0.5066666603088379,0.001
0.20549216866493225,0.1490703523159027,0.2619140148162842,0.9599999785423279,0.699999988079071,1.0910528898239136,1.6748402118682861,0.5072654485702515,0.5199999809265137,0.4866666793823242,0.001
0.16363076865673065,0.09800171107053757,0.22925984859466553,1.0,0.7400000095367432,0.20691390335559845,0.11793988198041916,0.29588794708251953,0.9666666388511658,0.6000000238418579,0.001
0.1713102161884308,0.11145804077386856,0.2311623990535736,0.9800000190734863,0.7599999904632568,0.21965351700782776,0.1313948929309845,0.30791211128234863,0.9666666388511658,0.6866666674613953,0.001
0.22341448068618774,0.17618457973003387,0.2706443965435028,0.9399999976158142,0.7200000286102295,0.24496975541114807,0.17848393321037292,0.311455637216568,0.9333333373069763,0.6266666650772095,0.001
0.20388270914554596,0.14466141164302826,0.26310405135154724,0.9599999785423279,0.6600000262260437,0.22815175354480743,0.1534736603498459,0.3028298616409302,0.9599999785423279,0.653333306312561,0.001
0.1504717320203781,0.06820769608020782,0.2327357679605484,1.0,0.7200000286102295,0.19500240683555603,0.10013633221387863,0.2898685336112976,0.9933333396911621,0.6866666674613953,0.001
0.20430555939674377,0.15847830474376678,0.25013282895088196,0.9599999785423279,0.6399999856948853,0.37420761585235596,0.4165346622467041,0.3318805992603302,0.6933333277702332,0.6466666460037231,0.001
0.21322101354599,0.15733978152275085,0.2691022455692291,0.9599999785423279,0.699999988079071,0.2311987578868866,0.18084348738193512,0.2815539538860321,0.9599999785423279,0.6866666674613953,0.001
0.16821825504302979,0.1119888499379158,0.22444766759872437,1.0,0.7599999904632568,0.3974137008190155,0.4969271421432495,0.29790017008781433,0.6666666865348816,0.6666666865348816,0.001
0.16436031460762024,0.08397132903337479,0.2447492778301239,0.9800000190734863,0.699999988079071,0.32067620754241943,0.34861889481544495,0.29273363947868347,0.8133333325386047,0.6800000071525574,0.001
0.17985846102237701,0.1098593920469284,0.24985750019550323,1.0,0.7400000095367432,0.22147971391677856,0.1307089924812317,0.31225040555000305,0.9599999785423279,0.5933333039283752,0.001
0.2094108909368515,0.16525474190711975,0.25356706976890564,0.9599999785423279,0.7400000095367432,0.19044269621372223,0.09122467041015625,0.2896607518196106,0.9733333587646484,0.5733333230018616,0.001
0.21471528708934784,0.17225688695907593,0.25717368721961975,0.9599999785423279,0.7400000095367432,1.4708455801010132,2.4677560329437256,0.47393444180488586,0.4933333396911621,0.47333332896232605,0.001
0.21627496182918549,0.16500093042850494,0.2675490081310272,0.9800000190734863,0.7200000286102295,0.18410201370716095,0.08382942527532578,0.2843745946884155,0.9933333396911621,0.6399999856948853,0.001
0.21642598509788513,0.1854294389486313,0.24742256104946136,0.9399999976158142,0.7200000286102295,0.49342337250709534,0.6704259514808655,0.31642088294029236,0.6133333444595337,0.6666666865348816,0.001
0.17743314802646637,0.11484571546316147,0.24002057313919067,0.9800000190734863,0.7400000095367432,0.1842828094959259,0.07296154648065567,0.2956041097640991,0.9800000190734863,0.5733333230018616,0.001
0.19148457050323486,0.13030631840229034,0.2526628375053406,0.9800000190734863,0.7400000095367432,0.6648974418640137,0.9210238456726074,0.4087711274623871,0.5199999809265137,0.4933333396911621,0.001
0.16623477637767792,0.0861814022064209,0.24628818035125732,1.0,0.7400000095367432,0.188174769282341,0.09060739725828171,0.2857421040534973,0.9933333396911621,0.6733333468437195,0.001
0.16556692123413086,0.0984119400382042,0.23272186517715454,0.9599999785423279,0.8199999928474426,0.20964211225509644,0.12126623839139938,0.2980180084705353,0.9866666793823242,0.6733333468437195,0.001
0.14992967247962952,0.07052392512559891,0.22933542728424072,0.9800000190734863,0.800000011920929,0.19122707843780518,0.0864645466208458,0.29598963260650635,0.9866666793823242,0.6800000071525574,0.001
0.14928391575813293,0.06720566004514694,0.23136214911937714,0.9800000190734863,0.7599999904632568,0.3218059837818146,0.32573652267456055,0.317875474691391,0.8066666722297668,0.6466666460037231,0.001
0.17658105492591858,0.11021694540977478,0.24294519424438477,0.9200000166893005,0.699999988079071,0.19009798765182495,0.089663565158844,0.2905324101448059,0.9733333587646484,0.6000000238418579,0.001
0.18719950318336487,0.1283169686794281,0.24608202278614044,0.9599999785423279,0.7799999713897705,0.208916574716568,0.12378764897584915,0.29404544830322266,0.95333331823349,0.6133333444595337,0.001
0.16448134183883667,0.09048455208539963,0.23847812414169312,0.9599999785423279,0.6600000262260437,0.31988731026649475,0.29060932993888855,0.3491654098033905,0.8600000143051147,0.6466666460037231,0.001
0.23258930444717407,0.20084983110427856,0.2643287777900696,0.9200000166893005,0.6800000071525574,0.8099668622016907,1.1816552877426147,0.4382784962654114,0.5333333611488342,0.47999998927116394,0.001
0.21198853850364685,0.18773403763771057,0.23624305427074432,0.8999999761581421,0.7400000095367432,0.17593900859355927,0.0715145617723465,0.2803634703159332,0.9933333396911621,0.5733333230018616,0.001
0.17162038385868073,0.11201705038547516,0.2312236726284027,1.0,0.7599999904632568,0.18199855089187622,0.08252730965614319,0.2814698815345764,0.9933333396911621,0.6600000262260437,0.001
0.18421554565429688,0.12277908623218536,0.2456520050764084,0.9800000190734863,0.7400000095367432,1.2841812372207642,2.0540993213653564,0.5142632126808167,0.4933333396911621,0.47333332896232605,0.001
0.1824755072593689,0.12453310191631317,0.240417942404747,0.9599999785423279,0.7400000095367432,0.20862483978271484,0.11476892977952957,0.3024807274341583,0.9800000190734863,0.6666666865348816,0.001
0.18266840279102325,0.08554156124591827,0.27979525923728943,1.0,0.699999988079071,0.24164682626724243,0.16539159417152405,0.317902147769928,0.9266666769981384,0.6066666841506958,0.001
0.16025038063526154,0.08845052868127823,0.23205021023750305,0.9800000190734863,0.7599999904632568,0.2389531433582306,0.13695792853832245,0.3409483730792999,0.9800000190734863,0.6399999856948853,0.001
0.16334113478660583,0.092501699924469,0.23418058454990387,0.9599999785423279,0.699999988079071,0.20538577437400818,0.09650325030088425,0.3142683804035187,0.9800000190734863,0.6466666460037231,0.001
0.1423690766096115,0.05961892753839493,0.2251192033290863,1.0,0.7200000286102295,0.18396122753620148,0.08425770699977875,0.2836647629737854,0.9933333396911621,0.6800000071525574,0.001
0.15326718986034393,0.06508807837963104,0.24144627153873444,0.9800000190734863,0.7200000286102295,0.23528259992599487,0.14656755328178406,0.3239976465702057,0.95333331823349,0.5866666436195374,0.001
0.15611900389194489,0.08670370280742645,0.22553429007530212,0.9800000190734863,0.7400000095367432,0.2150452435016632,0.13970594108104706,0.2903845012187958,0.9399999976158142,0.5600000023841858,0.001
0.17519120872020721,0.09538055211305618,0.25500190258026123,0.9599999785423279,0.6800000071525574,0.27506959438323975,0.24315927922725677,0.30697986483573914,0.9133333563804626,0.5933333039283752,0.001
0.18384912610054016,0.13985136151313782,0.2278468757867813,0.9599999785423279,0.8199999928474426,0.2847634255886078,0.22054128348827362,0.348985493183136,0.9133333563804626,0.5866666436195374,0.001
0.23193754255771637,0.20639677345752716,0.25747835636138916,0.9200000166893005,0.699999988079071,0.24171455204486847,0.12753508985042572,0.35589399933815,0.9866666793823242,0.5799999833106995,0.001
0.17094705998897552,0.08782592415809631,0.25406819581985474,1.0,0.7599999904632568,0.44144079089164734,0.5080041289329529,0.37487727403640747,0.6666666865348816,0.5066666603088379,0.001
0.2011980414390564,0.1471286118030548,0.25526750087738037,0.9599999785423279,0.699999988079071,0.8657884001731873,1.297447681427002,0.43412888050079346,0.5133333206176758,0.4933333396911621,0.001
0.19628795981407166,0.14689794182777405,0.24567796289920807,0.9599999785423279,0.7599999904632568,0.3073323369026184,0.2699539065361023,0.3447107672691345,0.8799999952316284,0.6066666841506958,0.001
0.14071796834468842,0.03927819803357124,0.2421577423810959,1.0,0.7400000095367432,0.4796120226383209,0.6001632809638977,0.359060674905777,0.6000000238418579,0.5600000023841858,0.001
0.1485319882631302,0.0719822347164154,0.22508177161216736,0.9800000190734863,0.7200000286102295,0.6468810439109802,0.8481835722923279,0.4455786645412445,0.5199999809265137,0.4533333480358124,0.001
0.14167086780071259,0.04533049464225769,0.2380112111568451,1.0,0.7599999904632568,0.23061399161815643,0.11813777685165405,0.3430902063846588,0.9800000190734863,0.6266666650772095,0.001
0.1584785282611847,0.07743894308805466,0.23951809108257294,1.0,0.7400000095367432,0.17685061693191528,0.07064118981361389,0.2830599844455719,0.9866666793823242,0.6866666674613953,0.001
0.15184623003005981,0.05136797949671745,0.25232449173927307,1.0,0.699999988079071,0.34181469678878784,0.35741403698921204,0.3262152671813965,0.846666693687439,0.6000000238418579,0.001
0.11498613655567169,0.02584276720881462,0.20412951707839966,1.0,0.7799999713897705,0.18334375321865082,0.08100317418575287,0.2856843173503876,0.9933333396911621,0.6933333277702332,0.001
0.15639375150203705,0.07790381461381912,0.23488372564315796,0.9800000190734863,0.6800000071525574,0.3510642349720001,0.38030871748924255,0.32181987166404724,0.7400000095367432,0.6399999856948853,0.001
0.17194314301013947,0.12125258147716522,0.2226337045431137,0.9599999785423279,0.7200000286102295,0.6622434258460999,0.9818204641342163,0.3426663875579834,0.7599999904632568,0.6066666841506958,0.001
0.19083984196186066,0.13070057332515717,0.25097912549972534,0.9399999976158142,0.7200000286102295,0.4732644259929657,0.5549731850624084,0.391555517911911,0.7933333516120911,0.5666666626930237,0.001
0.158159539103508,0.09274251013994217,0.22357653081417084,0.9599999785423279,0.7400000095367432,0.17835424840450287,0.06250260770320892,0.29420584440231323,0.9733333587646484,0.6333333253860474,0.001
0.15933674573898315,0.08603417128324509,0.23263931274414062,0.9800000190734863,0.7599999904632568,0.18615536391735077,0.07700978964567184,0.2953008711338043,0.9933333396911621,0.6933333277702332,0.001
0.18850760161876678,0.10631118714809418,0.2707040011882782,0.9800000190734863,0.7200000286102295,0.2363126128911972,0.16008636355400085,0.3125389516353607,0.9333333373069763,0.5866666436195374,0.001
0.1325472593307495,0.03690311312675476,0.22819145023822784,1.0,0.7799999713897705,0.18811796605587006,0.08751596510410309,0.28871995210647583,0.9666666388511658,0.5533333420753479,0.001
0.15723955631256104,0.07163245975971222,0.24284663796424866,1.0,0.7200000286102295,0.17483295500278473,0.06079728528857231,0.28886863589286804,0.9733333587646484,0.5866666436195374,0.001
0.14734144508838654,0.06310834735631943,0.23157453536987305,0.9800000190734863,0.699999988079071,0.23294611275196075,0.1664048433303833,0.29948732256889343,0.95333331823349,0.6800000071525574,0.001
0.1386459767818451,0.048626434057950974,0.2286655455827713,1.0,0.699999988079071,0.22457806766033173,0.15793359279632568,0.29122257232666016,0.9466666579246521,0.6800000071525574,0.001
0.17613011598587036,0.12192364037036896,0.23033660650253296,0.9599999785423279,0.7799999713897705,0.41700220108032227,0.47598031163215637,0.35802415013313293,0.7200000286102295,0.5600000023841858,0.001
0.17151504755020142,0.08532921969890594,0.2577008903026581,1.0,0.699999988079071,1.071886658668518,1.6760956048965454,0.4676777720451355,0.4933333396911621,0.47999998927116394,0.001
0.15994109213352203,0.1085037887096405,0.21137838065624237,0.9800000190734863,0.7799999713897705,0.2192966192960739,0.13859263062477112,0.3000006377696991,0.9399999976158142,0.6333333253860474,0.001
0.255708247423172,0.262172669172287,0.24924388527870178,0.8999999761581421,0.699999988079071,0.5856345891952515,0.7262587547302246,0.44501033425331116,0.7333333492279053,0.46666666865348816,0.001
0.15836229920387268,0.07082337141036987,0.2459012269973755,0.9800000190734863,0.7200000286102295,0.2901265025138855,0.2134718894958496,0.3667810559272766,0.9133333563804626,0.5666666626930237,0.001
0.2082475870847702,0.15788522362709045,0.2586100101470947,0.9399999976158142,0.6800000071525574,0.2760829031467438,0.14452452957630157,0.4076411724090576,0.9466666579246521,0.6000000238418579,0.001
0.19190944731235504,0.14156651496887207,0.24225236475467682,0.9399999976158142,0.7400000095367432,0.2389930933713913,0.15448106825351715,0.32350510358810425,0.9399999976158142,0.5199999809265137,0.001
0.19442181289196014,0.14419639110565186,0.24464720487594604,0.9399999976158142,0.699999988079071,0.21630610525608063,0.09504079073667526,0.337571382522583,0.9866666793823242,0.6399999856948853,0.001
0.14666707813739777,0.04945538938045502,0.24387876689434052,1.0,0.7200000286102295,0.23964622616767883,0.1431557685136795,0.33613666892051697,0.9599999785423279,0.5933333039283752,0.001
0.1527000367641449,0.07467213273048401,0.23072797060012817,0.9800000190734863,0.7799999713897705,0.29983818531036377,0.2638017535209656,0.3358745872974396,0.8733333349227905,0.5133333206176758,0.001
0.17308039963245392,0.10795789957046509,0.23820292949676514,0.9599999785423279,0.699999988079071,0.1728600412607193,0.06186307221651077,0.2838570773601532,0.9933333396911621,0.5533333420753479,0.001
0.11613355576992035,0.030482059344649315,0.20178507268428802,1.0,0.7799999713897705,0.20565442740917206,0.09978371113538742,0.3115251064300537,0.9733333587646484,0.6600000262260437,0.001
0.15925243496894836,0.08443589508533478,0.23406898975372314,0.9599999785423279,0.800000011920929,0.1944485753774643,0.09367840737104416,0.29521873593330383,0.9866666793823242,0.6800000071525574,0.001
0.15095913410186768,0.08102407306432724,0.22089418768882751,0.9599999785423279,0.7200000286102295,0.22446192800998688,0.16815659403800964,0.2807672321796417,0.9466666579246521,0.6800000071525574,0.001
0.15215368568897247,0.07982861995697021,0.22447873651981354,0.9800000190734863,0.7400000095367432,0.18801486492156982,0.07869816571474075,0.2973316013813019,0.9800000190734863,0.6600000262260437,0.001
0.18424522876739502,0.12624064087867737,0.24224978685379028,0.9599999785423279,0.7799999713897705,0.24143186211585999,0.1734003871679306,0.30946338176727295,0.9399999976158142,0.6800000071525574,0.001
0.18387877941131592,0.15216206014156342,0.21559549868106842,0.9399999976158142,0.7400000095367432,0.46290645003318787,0.5642821788787842,0.36153072118759155,0.7133333086967468,0.5533333420753479,0.001
0.18741989135742188,0.13318639993667603,0.24165335297584534,0.9399999976158142,0.7599999904632568,0.2509865164756775,0.1595069020986557,0.3424661159515381,0.95333331823349,0.6466666460037231,0.001
0.13157843053340912,0.0355733223259449,0.22758354246616364,1.0,0.699999988079071,0.18078488111495972,0.08447643369436264,0.2770933210849762,0.9866666793823242,0.6733333468437195,0.001
0.12238581478595734,0.03306305781006813,0.21170862019062042,0.9800000190734863,0.7200000286102295,0.1747695952653885,0.06371523439884186,0.28582391142845154,0.9933333396911621,0.6866666674613953,0.001
0.1245618537068367,0.03008006140589714,0.21904364228248596,1.0,0.7200000286102295,0.17522694170475006,0.05660382658243179,0.29385003447532654,0.9800000190734863,0.6866666674613953,0.001
0.14001116156578064,0.06012420356273651,0.21989813446998596,1.0,0.7200000286102295,0.17293879389762878,0.060481708496809006,0.2853958308696747,0.9866666793823242,0.6866666674613953,0.001
0.13988876342773438,0.07664991170167923,0.20312760770320892,0.9800000190734863,0.800000011920929,0.1703597754240036,0.05462610349059105,0.28609347343444824,0.9866666793823242,0.653333306312561,0.001
0.13812966644763947,0.04701122269034386,0.22924813628196716,1.0,0.699999988079071,0.189799964427948,0.07618837058544159,0.3034115731716156,0.9866666793823242,0.6600000262260437,0.001
0.14860261976718903,0.07285749912261963,0.22434774041175842,0.9800000190734863,0.7599999904632568,0.17825143039226532,0.07844411581754684,0.2780587077140808,0.9866666793823242,0.6866666674613953,0.001
0.1783420592546463,0.06675989925861359,0.2899242341518402,0.9800000190734863,0.699999988079071,0.17859572172164917,0.0792699083685875,0.27792155742645264,0.9599999785423279,0.6333333253860474,0.001
0.13751842081546783,0.056536369025707245,0.21850043535232544,0.9800000190734863,0.7599999904632568,0.1796955168247223,0.051834747195243835,0.3075563609600067,1.0,0.6399999856948853,0.001
0.18580707907676697,0.11389072239398956,0.2577234208583832,0.9599999785423279,0.6399999856948853,0.3980071544647217,0.41422101855278015,0.38179323077201843,0.8399999737739563,0.5933333039283752,0.001
0.17772993445396423,0.1117410659790039,0.24371880292892456,0.9399999976158142,0.699999988079071,0.5447692275047302,0.7804765701293945,0.309061735868454,0.7133333086967468,0.6133333444595337,0.001
0.15825966000556946,0.0729345828294754,0.24358472228050232,1.0,0.6800000071525574,0.20630374550819397,0.11500424891710281,0.29760321974754333,0.95333331823349,0.6066666841506958,0.001
0.1757896989583969,0.12291041016578674,0.2286689728498459,0.9800000190734863,0.7799999713897705,0.39328840374946594,0.3978913426399231,0.3886853754520416,0.8333333134651184,0.5866666436195374,0.001
0.17046312987804413,0.11089598387479782,0.23003026843070984,0.9800000190734863,0.7200000286102295,0.7480714917182922,1.0787241458892822,0.4174191653728485,0.653333306312561,0.4866666793823242,0.001
0.1532900184392929,0.0880826860666275,0.2184973508119583,0.9800000190734863,0.7200000286102295,0.18828794360160828,0.10594625771045685,0.2706296145915985,0.9666666388511658,0.5866666436195374,0.001
0.1328972578048706,0.041511937975883484,0.22428256273269653,0.9800000190734863,0.7200000286102295,0.2977445423603058,0.28401488065719604,0.31147414445877075,0.8666666746139526,0.6066666841506958,0.001
0.13827547430992126,0.04611962288618088,0.23043133318424225,1.0,0.6800000071525574,0.17193752527236938,0.06907603144645691,0.27479907870292664,0.9666666388511658,0.6133333444595337,0.001
0.13385134935379028,0.036943983286619186,0.23075872659683228,1.0,0.7200000286102295,0.15914779901504517,0.048531673848629,0.26976391673088074,0.9800000190734863,0.653333306312561,0.001
0.13007639348506927,0.042066555470228195,0.21808624267578125,1.0,0.7599999904632568,0.1598130464553833,0.045639265328645706,0.2739867866039276,0.9800000190734863,0.653333306312561,0.001
0.11990885436534882,0.031825847923755646,0.20799188315868378,1.0,0.7799999713897705,0.158132866024971,0.04704159125685692,0.2692241668701172,0.9866666793823242,0.6466666460037231,0.001
0.168894425034523,0.11816032230854034,0.21962854266166687,0.9599999785423279,0.699999988079071,0.15457890927791595,0.04143490642309189,0.2677229642868042,1.0,0.6800000071525574,0.001
0.1480756253004074,0.07644972205162048,0.21970149874687195,0.9599999785423279,0.7200000286102295,1.1358435153961182,1.8154460191726685,0.45624101161956787,0.4933333396911621,0.4866666793823242,0.001
0.15135449171066284,0.08013740181922913,0.22257156670093536,0.9599999785423279,0.7400000095367432,0.4571967124938965,0.5676034092903137,0.34679004549980164,0.7133333086967468,0.5799999833106995,0.0005
0.16264916956424713,0.11364942789077759,0.21164894104003906,0.9599999785423279,0.7200000286102295,0.19530504941940308,0.10920222103595734,0.28140780329704285,0.9666666388511658,0.6866666674613953,0.0005
0.1493026167154312,0.07876463234424591,0.2198406159877777,0.9599999785423279,0.7200000286102295,0.1645590364933014,0.05367141216993332,0.2754465341567993,0.9933333396911621,0.6600000262260437,0.0005
0.11927181482315063,0.03431924805045128,0.2042243331670761,1.0,0.7200000286102295,0.1680634319782257,0.048978157341480255,0.28714871406555176,0.9866666793823242,0.6466666460037231,0.0005
0.12254337221384048,0.040656205266714096,0.20443053543567657,0.9800000190734863,0.7799999713897705,0.1666289120912552,0.0465514212846756,0.28670644760131836,0.9800000190734863,0.6266666650772095,0.0005
0.12837734818458557,0.04320076107978821,0.21355395019054413,1.0,0.7400000095367432,0.15680764615535736,0.04185924679040909,0.27175602316856384,0.9933333396911621,0.6733333468437195,0.0005
0.11512336879968643,0.02294490858912468,0.20730182528495789,1.0,0.800000011920929,0.15717442333698273,0.043062303215265274,0.27128657698631287,0.9866666793823242,0.6466666460037231,0.0005
0.10745565593242645,0.013564172200858593,0.20134712755680084,1.0,0.7400000095367432,0.1608981043100357,0.03979700431227684,0.2819991409778595,1.0,0.6666666865348816,0.0005
0.10762477666139603,0.028753971680998802,0.1864956021308899,1.0,0.7799999713897705,0.1628883332014084,0.04213530197739601,0.28364142775535583,0.9933333396911621,0.6800000071525574,0.0005
0.10688938945531845,0.01573871076107025,0.19804009795188904,1.0,0.7599999904632568,0.16417056322097778,0.048223938792943954,0.28011712431907654,0.9933333396911621,0.6733333468437195,0.0005
0.11122266948223114,0.017742371186614037,0.2047029286623001,1.0,0.7599999904632568,0.16952140629291534,0.054452795535326004,0.28459009528160095,0.9933333396911621,0.6866666674613953,0.0005
0.11371017247438431,0.02320684678852558,0.20421350002288818,1.0,0.7599999904632568,0.1602349728345871,0.04335758835077286,0.27711236476898193,0.9933333396911621,0.6800000071525574,0.0005
0.09995899349451065,0.023077284917235374,0.17684069275856018,1.0,0.800000011920929,0.15819719433784485,0.03872857242822647,0.2776658236980438,0.9933333396911621,0.6666666865348816,0.0005
0.11125238239765167,0.023371277377009392,0.1991334855556488,1.0,0.7400000095367432,0.15477676689624786,0.03811599314212799,0.27143752574920654,1.0,0.6866666674613953,0.0005
0.14987795054912567,0.0716395154595375,0.22811642289161682,0.9599999785423279,0.7799999713897705,0.1694013923406601,0.052845824509859085,0.2859569787979126,0.9933333396911621,0.6866666674613953,0.0005
0.1169675886631012,0.03299317881464958,0.2009419947862625,1.0,0.800000011920929,0.2851616442203522,0.26438218355178833,0.30594104528427124,0.8866666555404663,0.6733333468437195,0.0005
0.1052849292755127,0.02668442763388157,0.18388542532920837,1.0,0.7400000095367432,0.16782930493354797,0.056205056607723236,0.2794535756111145,0.9800000190734863,0.6666666865348816,0.0005
0.14590921998023987,0.06965213268995285,0.2221662849187851,0.9800000190734863,0.7599999904632568,0.16042110323905945,0.04752863943576813,0.2733135521411896,0.9866666793823242,0.6666666865348816,0.0005
0.14823026955127716,0.08731678873300552,0.2091437131166458,1.0,0.7799999713897705,0.16312263906002045,0.05216899514198303,0.27407628297805786,0.9733333587646484,0.6733333468437195,0.0005
0.13526488840579987,0.0659574419260025,0.20457234978675842,1.0,0.7799999713897705,0.17242814600467682,0.06595731526613235,0.2788989245891571,0.9733333587646484,0.6600000262260437,0.0005
0.1302947849035263,0.04977918043732643,0.2108103632926941,1.0,0.800000011920929,0.1874425858259201,0.0936296284198761,0.28125548362731934,0.9599999785423279,0.6133333444595337,0.0005
0.12729094922542572,0.019145997241139412,0.23543588817119598,1.0,0.7799999713897705,0.1637817621231079,0.05632098391652107,0.27124252915382385,0.9733333587646484,0.6133333444595337,0.0005
0.10667995363473892,0.015736455097794533,0.19762346148490906,1.0,0.7599999904632568,0.15611742436885834,0.039846282452344894,0.2723885476589203,1.0,0.6866666674613953,0.0005
0.1303379386663437,0.05383603274822235,0.20683982968330383,0.9800000190734863,0.6800000071525574,0.16446763277053833,0.04950261488556862,0.27943265438079834,0.9933333396911621,0.6866666674613953,0.0005
0.13851869106292725,0.0372641496360302,0.239773228764534,0.9800000190734863,0.7200000286102295,0.1691298484802246,0.05546516552567482,0.2827945351600647,0.9733333587646484,0.6733333468437195,0.0005
0.10088110715150833,0.011096786707639694,0.19066543877124786,1.0,0.7599999904632568,0.1864057332277298,0.08456745743751526,0.2882440686225891,0.9666666388511658,0.6266666650772095,0.0005
0.11853477358818054,0.04286682978272438,0.19420269131660461,0.9800000190734863,0.8399999737739563,0.15682736039161682,0.03645108640193939,0.27720361948013306,1.0,0.6866666674613953,0.0005
0.19979888200759888,0.1384468376636505,0.26115095615386963,0.9399999976158142,0.6800000071525574,0.238371804356575,0.17392747104167938,0.3028161823749542,0.9333333373069763,0.6600000262260437,0.0005
0.10425759106874466,0.017098035663366318,0.1914171576499939,1.0,0.8199999928474426,0.17197497189044952,0.06737277656793594,0.2765771150588989,0.9733333587646484,0.6066666841506958,0.0005
0.1299290508031845,0.04093088582158089,0.21892723441123962,1.0,0.7799999713897705,0.16333428025245667,0.04583188518881798,0.28083670139312744,0.9866666793823242,0.6733333468437195,0.0005
0.10309633612632751,0.013167469762265682,0.19302518665790558,1.0,0.8199999928474426,0.16044795513153076,0.0441427007317543,0.2767532467842102,0.9933333396911621,0.699999988079071,0.0005
0.11219467222690582,0.01752123050391674,0.20686811208724976,1.0,0.7799999713897705,0.1626606434583664,0.05173841863870621,0.2735828757286072,0.9733333587646484,0.6666666865348816,0.0005
0.10321860015392303,0.007787100039422512,0.1986500769853592,1.0,0.7599999904632568,0.16290293633937836,0.04715646058320999,0.2786494195461273,0.9733333587646484,0.6600000262260437,0.0005
0.1246723085641861,0.03738619014620781,0.2119584083557129,0.9800000190734863,0.7400000095367432,0.16393797099590302,0.04698021709918976,0.28089573979377747,0.9933333396911621,0.6933333277702332,0.0005
0.13007575273513794,0.045272812247276306,0.2148786336183548,1.0,0.800000011920929,0.16287042200565338,0.03870635852217674,0.28703439235687256,0.9866666793823242,0.6600000262260437,0.0005
0.11225885152816772,0.022560032084584236,0.20195768773555756,1.0,0.800000011920929,0.1609048992395401,0.03850756585597992,0.2833022177219391,0.9800000190734863,0.6866666674613953,0.0005
0.09922842681407928,0.012409818358719349,0.1860470324754715,1.0,0.7799999713897705,0.15994031727313995,0.0355369932949543,0.2843436300754547,0.9933333396911621,0.6800000071525574,0.0005
0.11655357480049133,0.03545871376991272,0.19764843583106995,1.0,0.7599999904632568,0.16547100245952606,0.05150845646858215,0.27943354845046997,0.9666666388511658,0.6800000071525574,0.0005
0.10447777807712555,0.011943154036998749,0.19701237976551056,1.0,0.7599999904632568,0.16298560798168182,0.03920736908912659,0.28676387667655945,0.9866666793823242,0.6800000071525574,0.0005
0.12329412251710892,0.03878543898463249,0.20780281722545624,1.0,0.800000011920929,0.1619904786348343,0.037332840263843536,0.2866481840610504,0.9866666793823242,0.6600000262260437,0.0005
0.09754500538110733,0.0148746557533741,0.18021534383296967,1.0,0.800000011920929,0.1634288728237152,0.03925953805446625,0.28759825229644775,1.0,0.699999988079071,0.0005
0.11294027417898178,0.017999274656176567,0.20788125693798065,1.0,0.7200000286102295,0.16630010306835175,0.041940703988075256,0.29065942764282227,0.9933333396911621,0.6933333277702332,0.0005
0.10552313178777695,0.014329571276903152,0.19671669602394104,1.0,0.7400000095367432,0.1616363674402237,0.03591645881533623,0.2873562276363373,0.9933333396911621,0.6866666674613953,0.0005
0.10895784199237823,0.0157278124243021,0.20218788087368011,1.0,0.8199999928474426,0.16399258375167847,0.03649812564253807,0.29148703813552856,0.9866666793823242,0.6733333468437195,0.0005
0.12409881502389908,0.03573779761791229,0.21245984733104706,1.0,0.7799999713897705,0.17312251031398773,0.042348191142082214,0.3038967549800873,0.9733333587646484,0.6733333468437195,0.0005
0.11570151150226593,0.025851743295788765,0.20555128157138824,1.0,0.800000011920929,0.18809907138347626,0.08626703172922134,0.28993111848831177,0.9666666388511658,0.653333306312561,0.0005
0.1180448979139328,0.01150442473590374,0.2245853841304779,1.0,0.6600000262260437,0.20057839155197144,0.09374578297138214,0.30741098523139954,0.9666666388511658,0.6200000047683716,0.0005
0.11224954575300217,0.04145541787147522,0.1830436736345291,0.9800000190734863,0.8199999928474426,0.15515953302383423,0.027820438146591187,0.2824985980987549,1.0,0.6866666674613953,0.0005
0.12692035734653473,0.048140496015548706,0.20570021867752075,0.9800000190734863,0.7599999904632568,0.19525782763957977,0.058601345866918564,0.3319143056869507,0.9933333396911621,0.653333306312561,0.0005
0.10072916001081467,0.009595022536814213,0.1918633133172989,1.0,0.7200000286102295,0.16935159265995026,0.04167919233441353,0.29702404141426086,0.9866666793823242,0.6933333277702332,0.0005
0.11008210480213165,0.01911403238773346,0.20105016231536865,1.0,0.7400000095367432,0.16638745367527008,0.034420181065797806,0.29835471510887146,0.9866666793823242,0.6933333277702332,0.0005
0.11744317412376404,0.020738039165735245,0.21414832770824432,1.0,0.800000011920929,0.16621273756027222,0.034318022429943085,0.29810741543769836,0.9800000190734863,0.6933333277702332,0.0005
0.11069915443658829,0.024574682116508484,0.1968236118555069,1.0,0.800000011920929,0.15514782071113586,0.03083633817732334,0.2794593274593353,0.9933333396911621,0.699999988079071,0.0005
0.09462001174688339,0.008045872673392296,0.18119415640830994,1.0,0.7599999904632568,0.15343673527240753,0.03385063260793686,0.2730228304862976,0.9866666793823242,0.6733333468437195,0.0005
0.10792851448059082,0.024233974516391754,0.19162306189537048,1.0,0.800000011920929,0.15869727730751038,0.03166504204273224,0.28572946786880493,1.0,0.699999988079071,0.0005
0.14228224754333496,0.08167716860771179,0.20288732647895813,0.9599999785423279,0.8399999737739563,0.3274873197078705,0.248881533741951,0.4060930013656616,0.8866666555404663,0.5400000214576721,0.0005
0.11368867754936218,0.02107100933790207,0.2063063383102417,1.0,0.7400000095367432,0.16934017837047577,0.03815118595957756,0.30052924156188965,0.9866666793823242,0.6933333277702332,0.0005
0.11202233284711838,0.010900928638875484,0.2131437510251999,1.0,0.7200000286102295,0.1600913405418396,0.03957734629511833,0.28060537576675415,0.9800000190734863,0.6666666865348816,0.0005
0.13484889268875122,0.075157031416893,0.19454075396060944,0.9800000190734863,0.800000011920929,0.15759728848934174,0.034556858241558075,0.2806377708911896,0.9866666793823242,0.699999988079071,0.0005
0.11740472912788391,0.034843847155570984,0.19996561110019684,1.0,0.7599999904632568,0.180477574467659,0.08640222251415253,0.27455294132232666,0.9666666388511658,0.6466666460037231,0.0005
0.1125456914305687,0.022438937798142433,0.2026524394750595,1.0,0.7799999713897705,0.17503418028354645,0.047236692160367966,0.3028316795825958,0.9733333587646484,0.6666666865348816,0.0005
0.10530827194452286,0.021518317982554436,0.18909822404384613,1.0,0.7799999713897705,0.172876238822937,0.05379568785429001,0.2919568419456482,0.9933333396911621,0.6933333277702332,0.0005
0.1084015816450119,0.024303555488586426,0.192499577999115,1.0,0.7400000095367432,0.16230495274066925,0.04394283890724182,0.28066709637641907,0.9800000190734863,0.6600000262260437,0.0005
0.09429585188627243,0.012174297124147415,0.17641741037368774,1.0,0.8199999928474426,0.1622554212808609,0.0485793836414814,0.2759314179420471,0.9666666388511658,0.6666666865348816,0.0005
0.10840541124343872,0.013654597103595734,0.2031562477350235,1.0,0.7400000095367432,0.18876215815544128,0.08170849084854126,0.2958158254623413,0.9733333587646484,0.6266666650772095,0.0005
0.10482633858919144,0.022122476249933243,0.18753021955490112,1.0,0.7799999713897705,0.1612616628408432,0.03629487752914429,0.2862284183502197,0.9866666793823242,0.699999988079071,0.0005
0.090180404484272,0.01053408719599247,0.1698267161846161,1.0,0.7799999713897705,0.1590859740972519,0.03622712939977646,0.2819448411464691,0.9866666793823242,0.699999988079071,0.0005
0.0984424576163292,0.007227253168821335,0.18965767323970795,1.0,0.7799999713897705,0.1822492927312851,0.079941526055336,0.284557044506073,0.9666666388511658,0.6200000047683716,0.0005
0.10467114299535751,0.009916608221828938,0.19942565262317657,1.0,0.7799999713897705,0.2123766392469406,0.13156487047672272,0.2931884825229645,0.9466666579246521,0.6266666650772095,0.0005
0.09596450626850128,0.018511051312088966,0.17341795563697815,1.0,0.8600000143051147,0.1563611477613449,0.04787192866206169,0.26485034823417664,0.9666666388511658,0.6866666674613953,0.0005
0.13562941551208496,0.05712444707751274,0.21413439512252808,1.0,0.699999988079071,0.14777743816375732,0.02934720367193222,0.2662076950073242,0.9933333396911621,0.7133333086967468,0.0005
0.11156018078327179,0.033002786338329315,0.19011756777763367,1.0,0.7799999713897705,0.16627150774002075,0.0514150969684124,0.2811279296875,0.9733333587646484,0.6466666460037231,0.0005
0.09696445614099503,0.012811643071472645,0.18111726641654968,1.0,0.800000011920929,0.42673665285110474,0.497844398021698,0.35562875866889954,0.7666666507720947,0.6200000047683716,0.0005
0.1293858289718628,0.060626138001680374,0.1981455236673355,0.9599999785423279,0.7200000286102295,0.2860569953918457,0.29894962906837463,0.273164302110672,0.8533333539962769,0.6933333277702332,0.0005
0.1291823536157608,0.03637925535440445,0.22198547422885895,1.0,0.7200000286102295,0.8194880485534668,1.2280051708221436,0.41097113490104675,0.6266666650772095,0.5533333420753479,0.0005
0.13330404460430145,0.07984641194343567,0.18676164746284485,0.9800000190734863,0.7799999713897705,0.22810551524162292,0.11980456113815308,0.33640652894973755,0.9399999976158142,0.5799999833106995,0.0005
0.10499825328588486,0.01645464263856411,0.19354191422462463,1.0,0.7200000286102295,0.21724535524845123,0.11786437779664993,0.3166263699531555,0.9599999785423279,0.653333306312561,0.0005
0.09783825278282166,0.021636508405208588,0.17403998970985413,1.0,0.8399999737739563,0.1869913637638092,0.07926652580499649,0.29471614956855774,0.9866666793823242,0.699999988079071,0.0005
0.1035955399274826,0.019442463293671608,0.18774862587451935,1.0,0.7599999904632568,0.18000122904777527,0.06529638916254044,0.2947060465812683,0.9666666388511658,0.6733333468437195,0.0005
0.09333287924528122,0.018096186220645905,0.16856957972049713,1.0,0.800000011920929,0.15371708571910858,0.03693518042564392,0.27049899101257324,0.9800000190734863,0.6666666865348816,0.0005
0.09546851366758347,0.01780937984585762,0.1731276512145996,1.0,0.800000011920929,0.15622559189796448,0.03025340475142002,0.2821977734565735,0.9933333396911621,0.6933333277702332,0.0005
0.11301044374704361,0.03519730269908905,0.19082361459732056,1.0,0.7599999904632568,0.17603497207164764,0.04360967129468918,0.3084602653980255,0.9933333396911621,0.699999988079071,0.0005
0.0996718779206276,0.011318691074848175,0.1880250722169876,1.0,0.800000011920929,0.23290090262889862,0.1671409159898758,0.29866087436676025,0.9333333373069763,0.699999988079071,0.0005
0.0958184078335762,0.012909996323287487,0.17872680723667145,1.0,0.7599999904632568,0.18963776528835297,0.08750497549772263,0.29177048802375793,0.9800000190734863,0.6933333277702332,0.0005
0.12752000987529755,0.06387000530958176,0.19117002189159393,0.9599999785423279,0.7200000286102295,0.9828804731369019,1.546045184135437,0.41971561312675476,0.6666666865348816,0.5400000214576721,0.0005
0.10989166051149368,0.03831968829035759,0.18146362900733948,1.0,0.800000011920929,2.4048311710357666,4.120190620422363,0.6894717216491699,0.5133333206176758,0.41999998688697815,0.0005
0.1393144130706787,0.0815064013004303,0.19712243974208832,0.9800000190734863,0.7400000095367432,0.9546476006507874,1.521242618560791,0.388052761554718,0.5733333230018616,0.5866666436195374,0.0005
0.11172179132699966,0.03314607962965965,0.19029754400253296,1.0,0.7599999904632568,0.24479034543037415,0.22010231018066406,0.26947838068008423,0.8999999761581421,0.699999988079071,0.0005
0.13644184172153473,0.05687563866376877,0.2160080522298813,1.0,0.7799999713897705,0.40129947662353516,0.43069443106651306,0.37190455198287964,0.8266666531562805,0.6133333444595337,0.0005
0.15088342130184174,0.0808226615190506,0.2209441363811493,0.9599999785423279,0.7599999904632568,0.17940117418766022,0.06468918174505234,0.2941131293773651,0.9666666388511658,0.653333306312561,0.0005
0.11253486573696136,0.016222650185227394,0.2088470607995987,1.0,0.7400000095367432,0.17785319685935974,0.05680029094219208,0.2989060878753662,0.9933333396911621,0.6933333277702332,0.0005
0.09824838489294052,0.01861639693379402,0.1778804063796997,1.0,0.800000011920929,0.16561149060726166,0.03737569972872734,0.29384732246398926,0.9866666793823242,0.6800000071525574,0.0005
0.08848108351230621,0.008583538234233856,0.16837862133979797,1.0,0.8199999928474426,0.1593659669160843,0.03288218379020691,0.28584975004196167,0.9866666793823242,0.6733333468437195,0.0005
0.1264323592185974,0.04368222877383232,0.2091824859380722,1.0,0.7599999904632568,0.29032281041145325,0.2448582947254181,0.33578726649284363,0.8999999761581421,0.6666666865348816,0.0005
0.10921423137187958,0.019856376573443413,0.1985720843076706,1.0,0.7400000095367432,0.31643807888031006,0.27049970626831055,0.36237645149230957,0.8733333349227905,0.6200000047683716,0.0005
0.09823459386825562,0.013038828037679195,0.18343037366867065,1.0,0.800000011920929,0.19290219247341156,0.07856596261262894,0.3072384297847748,0.9733333587646484,0.6933333277702332,0.0005
0.09574693441390991,0.005961185786873102,0.18553265929222107,1.0,0.800000011920929,0.17154118418693542,0.04604550823569298,0.29703694581985474,0.9866666793823242,0.6800000071525574,0.0005
0.08984612673521042,0.0071580857038497925,0.17253416776657104,1.0,0.800000011920929,0.16194790601730347,0.03588398918509483,0.2880117893218994,1.0,0.6866666674613953,0.0005
0.09373112767934799,0.01421179436147213,0.1732504516839981,1.0,0.7799999713897705,0.15917399525642395,0.036213718354701996,0.2821342349052429,0.9933333396911621,0.6933333277702332,0.0005
0.10080058872699738,0.03933688998222351,0.16226430237293243,1.0,0.8399999737739563,0.15310248732566833,0.048376888036727905,0.2578280568122864,0.9866666793823242,0.7200000286102295,0.0005
0.11468638479709625,0.062217827886343,0.1671549379825592,0.9800000190734863,0.7799999713897705,0.2925514876842499,0.23612245917320251,0.34898054599761963,0.9200000166893005,0.6000000238418579,0.0005
0.11519993096590042,0.02671666629612446,0.20368319749832153,1.0,0.7799999713897705,0.21680541336536407,0.11339068412780762,0.3202201724052429,0.9666666388511658,0.6399999856948853,0.0005
0.12679629027843475,0.05265994369983673,0.20093262195587158,0.9800000190734863,0.7799999713897705,0.170793354511261,0.05489053204655647,0.2866961658000946,0.9666666388511658,0.6933333277702332,0.0005
0.1074710264801979,0.0226028710603714,0.1923392117023468,1.0,0.8600000143051147,0.16030246019363403,0.04636437073349953,0.2742405831813812,0.9733333587646484,0.6800000071525574,0.0005
0.16558940708637238,0.13665002584457397,0.19452880322933197,0.9599999785423279,0.8199999928474426,0.1673881858587265,0.04612985998392105,0.28864651918411255,0.9800000190734863,0.6333333253860474,0.0005
0.1492958664894104,0.13182324171066284,0.16676849126815796,0.9599999785423279,0.8600000143051147,0.1969306319952011,0.07209306210279465,0.3217681646347046,0.9733333587646484,0.6000000238418579,0.0005
0.11519720405340195,0.03282245993614197,0.19757193326950073,1.0,0.7400000095367432,0.1769070327281952,0.03596043959259987,0.3178536593914032,0.9933333396911621,0.699999988079071,0.0005
0.10952901840209961,0.014496236108243465,0.20456179976463318,1.0,0.7200000286102295,0.18762549757957458,0.05900782346725464,0.31624317169189453,0.9733333587646484,0.6133333444595337,0.0005
0.110958531498909,0.04190786927938461,0.1800091564655304,0.9800000190734863,0.7599999904632568,0.15688787400722504,0.033860474824905396,0.2799152731895447,0.9866666793823242,0.6800000071525574,0.0005
0.09659726917743683,0.01227481011301279,0.18091973662376404,1.0,0.800000011920929,0.15646778047084808,0.03167634457349777,0.2812592089176178,1.0,0.699999988079071,0.0005
0.09631072729825974,0.014857970178127289,0.17776347696781158,1.0,0.800000011920929,0.15667125582695007,0.03224339336156845,0.2810990512371063,0.9933333396911621,0.6866666674613953,0.0005
0.10910538583993912,0.015770113095641136,0.20244067907333374,1.0,0.7400000095367432,0.15636275708675385,0.03957246616482735,0.27315306663513184,0.9933333396911621,0.7133333086967468,0.0005
0.1052236258983612,0.012827984057366848,0.19761928915977478,1.0,0.7799999713897705,0.16372695565223694,0.039469510316848755,0.2879844009876251,0.9933333396911621,0.7066666483879089,0.0005
0.10422485321760178,0.011785154230892658,0.19666458666324615,1.0,0.7799999713897705,0.15476326644420624,0.03570675477385521,0.2738197147846222,0.9800000190734863,0.699999988079071,0.0005
0.09883184731006622,0.022597065195441246,0.17506662011146545,1.0,0.8399999737739563,0.14717106521129608,0.024869253858923912,0.26947277784347534,1.0,0.7066666483879089,0.0005
0.0963771715760231,0.014389213174581528,0.17836514115333557,1.0,0.7599999904632568,0.1594819575548172,0.03162453696131706,0.28733938932418823,0.9933333396911621,0.7066666483879089,0.0005
0.12752977013587952,0.045007891952991486,0.21005165576934814,1.0,0.7200000286102295,0.14749135076999664,0.03036746382713318,0.2646152377128601,0.9866666793823242,0.6733333468437195,0.0005
0.09203584492206573,0.008799102157354355,0.17527258396148682,1.0,0.800000011920929,0.15509408712387085,0.027683502063155174,0.282504677772522,1.0,0.7066666483879089,0.0005
0.0998675748705864,0.01813405565917492,0.18160106241703033,1.0,0.7599999904632568,0.16228298842906952,0.03198494389653206,0.29258105158805847,0.9866666793823242,0.6933333277702332,0.0005
0.10614672303199768,0.04436164349317551,0.16793182492256165,0.9800000190734863,0.8199999928474426,0.17373274266719818,0.035525403916835785,0.31194019317626953,0.9933333396911621,0.6933333277702332,0.0005
0.09458641707897186,0.018079960718750954,0.17109286785125732,1.0,0.8399999737739563,0.1710379272699356,0.053154341876506805,0.2889215648174286,0.9733333587646484,0.6866666674613953,0.0005
0.08896178007125854,0.006433767732232809,0.17148979008197784,1.0,0.7799999713897705,0.18311233818531036,0.08597542345523834,0.2802492082118988,0.9599999785423279,0.6733333468437195,0.0005
0.08821631222963333,0.007711899932473898,0.16872073709964752,1.0,0.7799999713897705,0.16830985248088837,0.059942811727523804,0.2766769230365753,0.9733333587646484,0.6800000071525574,0.0005
0.09876939654350281,0.022579872980713844,0.17495891451835632,1.0,0.800000011920929,0.15690122544765472,0.028580624610185623,0.28522178530693054,0.9933333396911621,0.7066666483879089,0.0005
0.10499026626348495,0.03710509464144707,0.17287544906139374,0.9800000190734863,0.8199999928474426,0.16339612007141113,0.04825489595532417,0.2785373628139496,0.9866666793823242,0.6800000071525574,0.0005
0.10869843512773514,0.03949078172445297,0.1779060959815979,0.9800000190734863,0.8199999928474426,0.17927083373069763,0.06683798879384995,0.2917037308216095,0.9866666793823242,0.699999988079071,0.0005
0.10024015605449677,0.03229013830423355,0.16819018125534058,1.0,0.800000011920929,0.16466890275478363,0.03670216724276543,0.29263561964035034,0.9866666793823242,0.6933333277702332,0.0005
0.08368740230798721,0.012623956426978111,0.15475083887577057,1.0,0.8600000143051147,0.16427141427993774,0.048170533031225204,0.2803722620010376,0.9733333587646484,0.6800000071525574,0.0005
0.08842162787914276,0.0069104451686143875,0.16993282735347748,1.0,0.7799999713897705,0.15459412336349487,0.025019509717822075,0.28416869044303894,1.0,0.7066666483879089,0.0005
0.09672755002975464,0.008984562009572983,0.18447056412696838,1.0,0.7799999713897705,0.15766984224319458,0.04126961529254913,0.2740700840950012,0.9733333587646484,0.6933333277702332,0.0005
0.08819396048784256,0.01453083474189043,0.16185708343982697,1.0,0.8199999928474426,0.15149475634098053,0.030521001666784286,0.27246853709220886,0.9866666793823242,0.6866666674613953,0.0005
0.1247413158416748,0.06460408866405487,0.18487854301929474,1.0,0.7799999713897705,0.17115665972232819,0.04983748123049736,0.29247570037841797,0.9666666388511658,0.7066666483879089,0.0005
0.10737374424934387,0.02637256309390068,0.18837493658065796,1.0,0.800000011920929,0.1844927817583084,0.08382897824048996,0.28515657782554626,0.9733333587646484,0.6800000071525574,0.0005
0.0942806750535965,0.03169531747698784,0.15686602890491486,1.0,0.8399999737739563,0.1786854863166809,0.07561242580413818,0.28175851702690125,0.9733333587646484,0.6733333468437195,0.0005
0.10836457461118698,0.023748306557536125,0.19298085570335388,1.0,0.7799999713897705,0.16904036700725555,0.04546402022242546,0.29261669516563416,0.9933333396911621,0.7266666889190674,0.0005
0.13792254030704498,0.07537153363227844,0.20047356188297272,0.9800000190734863,0.800000011920929,0.16707982122898102,0.05104347690939903,0.2831161618232727,0.9733333587646484,0.6866666674613953,0.0005
0.09035567194223404,0.00929892435669899,0.1714124232530594,1.0,0.800000011920929,0.22478212416172028,0.1637122631072998,0.28585195541381836,0.95333331823349,0.6600000262260437,0.0005
0.10200057923793793,0.03387874737381935,0.1701223999261856,0.9800000190734863,0.8199999928474426,0.16867183148860931,0.04870280623435974,0.2886408865451813,0.9800000190734863,0.6800000071525574,0.0005
0.09968253970146179,0.028444143012166023,0.1709209382534027,1.0,0.8399999737739563,0.15499605238437653,0.02417750284075737,0.2858145833015442,1.0,0.7066666483879089,0.0005
0.0911106988787651,0.007955475710332394,0.17426592111587524,1.0,0.800000011920929,0.15074606239795685,0.025019939988851547,0.27647218108177185,1.0,0.7133333086967468,0.0005
0.08184181898832321,0.0045114364475011826,0.1591721922159195,1.0,0.8399999737739563,0.15653689205646515,0.03098653443157673,0.2820872366428375,0.9866666793823242,0.6800000071525574,0.0005
0.086579829454422,0.008219655603170395,0.1649399995803833,1.0,0.8199999928474426,0.15584146976470947,0.02566205896437168,0.28602084517478943,0.9933333396911621,0.7066666483879089,0.0005
0.07732047885656357,0.005885763093829155,0.14875519275665283,1.0,0.8399999737739563,0.16080383956432343,0.025912359356880188,0.29569530487060547,0.9933333396911621,0.699999988079071,0.0005
0.09325361251831055,0.026716221123933792,0.1597910076379776,1.0,0.8199999928474426,0.16019411385059357,0.03177215903997421,0.28861597180366516,0.9866666793823242,0.6866666674613953,0.0005
0.09439472109079361,0.020757609978318214,0.16803184151649475,1.0,0.800000011920929,0.15058480203151703,0.030488096177577972,0.2706814706325531,0.9933333396911621,0.6933333277702332,0.0005
0.08886640518903732,0.008975320495665073,0.16875749826431274,1.0,0.7799999713897705,0.15659388899803162,0.029151175171136856,0.2840365469455719,0.9933333396911621,0.7066666483879089,0.0005
0.14082184433937073,0.08239051699638367,0.1992531567811966,0.9599999785423279,0.8399999737739563,0.17552556097507477,0.030060872435569763,0.32099029421806335,0.9866666793823242,0.6333333253860474,0.0005
0.07808437198400497,0.014516076073050499,0.1416526585817337,1.0,0.9200000166893005,0.17094646394252777,0.027299057692289352,0.3145938515663147,0.9866666793823242,0.6666666865348816,0.0005
0.09281628578901291,0.008455479517579079,0.17717710137367249,1.0,0.7799999713897705,0.15358397364616394,0.02551691234111786,0.28165099024772644,0.9933333396911621,0.7066666483879089,0.0005
0.10105477273464203,0.01629069820046425,0.1858188658952713,1.0,0.7200000286102295,0.15259712934494019,0.030470961704850197,0.2747232913970947,0.9866666793823242,0.6733333468437195,0.0005
0.07706539332866669,0.009318862110376358,0.1448119431734085,1.0,0.9200000166893005,0.1536860466003418,0.028217462822794914,0.2791546881198883,0.9866666793823242,0.6933333277702332,0.0005
0.09341515600681305,0.017308661714196205,0.16952165961265564,1.0,0.8199999928474426,0.15160121023654938,0.030440447852015495,0.27276191115379333,0.9866666793823242,0.6933333277702332,0.0005
0.10369029641151428,0.01509960275143385,0.19228099286556244,1.0,0.8199999928474426,0.1546480506658554,0.023708980530500412,0.2855871021747589,1.0,0.7133333086967468,0.0005
0.11762893944978714,0.0567975752055645,0.17846031486988068,0.9800000190734863,0.800000011920929,0.23483151197433472,0.183864563703537,0.28579843044281006,0.9266666769981384,0.6933333277702332,0.0005
0.16239093244075775,0.14615115523338318,0.17863070964813232,0.9399999976158142,0.8799999952316284,0.7542687654495239,1.134454369544983,0.37408334016799927,0.7333333492279053,0.6133333444595337,0.0005
0.09952419996261597,0.014470129273831844,0.1845782846212387,1.0,0.800000011920929,2.208120584487915,3.8242597579956055,0.5919808149337769,0.5066666603088379,0.4266666769981384,0.0005
0.12256152927875519,0.05763818323612213,0.18748492002487183,0.9800000190734863,0.7599999904632568,1.2068665027618408,1.9998068809509277,0.41392555832862854,0.5400000214576721,0.6066666841506958,0.0005
0.1293729543685913,0.07914990931749344,0.17959603667259216,0.9599999785423279,0.800000011920929,0.3098003566265106,0.32185685634613037,0.2977438271045685,0.8799999952316284,0.6600000262260437,0.0005
0.12926965951919556,0.06689154356718063,0.19164779782295227,0.9800000190734863,0.7599999904632568,0.1701374650001526,0.05439158156514168,0.285883367061615,0.9733333587646484,0.7200000286102295,0.0005
0.12131495773792267,0.04788126051425934,0.194748654961586,0.9800000190734863,0.7799999713897705,0.17212672531604767,0.059544965624809265,0.28470849990844727,0.9733333587646484,0.7333333492279053,0.0005
0.10397763550281525,0.026405489072203636,0.1815497726202011,1.0,0.8600000143051147,0.18425105512142181,0.061877068132162094,0.30662500858306885,0.9666666388511658,0.6666666865348816,0.0005
0.11572436988353729,0.035573095083236694,0.1958756446838379,1.0,0.7799999713897705,0.44003620743751526,0.5599766373634338,0.3200957477092743,0.7799999713897705,0.7133333086967468,0.0005
0.13000603020191193,0.07257495075464249,0.18743710219860077,0.9800000190734863,0.7599999904632568,0.1708521991968155,0.07185746729373932,0.26984697580337524,0.9666666388511658,0.7066666483879089,0.0005
0.11812015622854233,0.04447105899453163,0.19176924228668213,1.0,0.7799999713897705,0.18402549624443054,0.0872361809015274,0.2808147966861725,0.9599999785423279,0.6933333277702332,0.0005
0.1660703420639038,0.1478068083524704,0.18433387577533722,0.9599999785423279,0.8399999737739563,0.1462247222661972,0.02896770089864731,0.26348167657852173,0.9866666793823242,0.7266666889190674,0.0005
0.09613616019487381,0.02365271747112274,0.16861958801746368,1.0,0.8799999952316284,0.18755091726779938,0.08382704854011536,0.291274756193161,0.9800000190734863,0.7066666483879089,0.0005
0.10073257237672806,0.024473251774907112,0.17699187994003296,1.0,0.8399999737739563,0.1573679894208908,0.03431634604930878,0.28041964769363403,0.9933333396911621,0.7266666889190674,0.0005
0.09881547838449478,0.043465591967105865,0.1541653573513031,1.0,0.8600000143051147,0.14971350133419037,0.029678910970687866,0.26974812150001526,1.0,0.6933333277702332,0.0005
0.08899855613708496,0.008328096009790897,0.1696690171957016,1.0,0.7799999713897705,0.14892421662807465,0.031472720205783844,0.26637572050094604,0.9866666793823242,0.7066666483879089,0.0005
0.09634764492511749,0.028266921639442444,0.16442838311195374,1.0,0.8399999737739563,0.15827688574790955,0.04827012121677399,0.2682836651802063,0.9933333396911621,0.7200000286102295,0.0005
0.09036850184202194,0.021439729258418083,0.15929728746414185,1.0,0.8199999928474426,0.1886894404888153,0.08358719199895859,0.2937917113304138,0.9733333587646484,0.7066666483879089,0.0005
0.0924503430724144,0.009269765578210354,0.17563092708587646,1.0,0.8199999928474426,0.1613655835390091,0.04965958744287491,0.2730715572834015,0.9933333396911621,0.7266666889190674,0.0005
0.079566091299057,0.005435399245470762,0.15369679033756256,1.0,0.800000011920929,0.15323010087013245,0.03012692742049694,0.2763332724571228,0.9933333396911621,0.7133333086967468,0.0005
0.09089797735214233,0.010225916281342506,0.1715700477361679,1.0,0.8199999928474426,0.14244647324085236,0.029466845095157623,0.2554261386394501,1.0,0.7133333086967468,0.0005
0.08525095134973526,0.017942192032933235,0.15255969762802124,1.0,0.8199999928474426,0.14652344584465027,0.02991456910967827,0.26313233375549316,0.9933333396911621,0.7200000286102295,0.0005
0.09610486775636673,0.014378651045262814,0.17783108353614807,1.0,0.7799999713897705,0.14395084977149963,0.025615036487579346,0.2622867226600647,0.9933333396911621,0.699999988079071,0.0005
0.08661442995071411,0.009910034947097301,0.16331884264945984,1.0,0.8799999952316284,0.14654679596424103,0.029391607269644737,0.2637019753456116,0.9866666793823242,0.699999988079071,0.0005
0.08508426696062088,0.008339786902070045,0.16182874143123627,1.0,0.7799999713897705,0.14679601788520813,0.02627021074295044,0.2673218250274658,0.9933333396911621,0.7133333086967468,0.0005
0.07891245186328888,0.009203690104186535,0.14862121641635895,1.0,0.800000011920929,0.148208886384964,0.026286184787750244,0.27013158798217773,0.9933333396911621,0.7133333086967468,0.0005
0.09069864451885223,0.025194771587848663,0.1562025249004364,1.0,0.8799999952316284,0.1513592004776001,0.028307346627116203,0.27441102266311646,0.9933333396911621,0.7133333086967468,0.0005
0.08352009952068329,0.011797869578003883,0.15524232387542725,1.0,0.8600000143051147,0.15016387403011322,0.02703709900379181,0.2732906639575958,0.9933333396911621,0.699999988079071,0.0005
0.11268232017755508,0.051934123039245605,0.17343053221702576,0.9599999785423279,0.800000011920929,0.2253776341676712,0.13346005976200104,0.31729525327682495,0.95333331823349,0.5933333039283752,0.0005
0.10038676112890244,0.023059694096446037,0.1777138113975525,1.0,0.800000011920929,0.1428295522928238,0.03388458117842674,0.25177448987960815,0.9866666793823242,0.7200000286102295,0.0005
0.09489547461271286,0.009359221905469894,0.18043175339698792,1.0,0.8199999928474426,0.16534782946109772,0.025788813829421997,0.30490678548812866,0.9933333396911621,0.699999988079071,0.0005
0.09911476820707321,0.0329640731215477,0.16526547074317932,1.0,0.800000011920929,0.1701921820640564,0.030718624591827393,0.3096657693386078,0.9933333396911621,0.6733333468437195,0.0005
0.0888458788394928,0.007269817404448986,0.17042194306850433,1.0,0.800000011920929,0.18907372653484344,0.0751369446516037,0.3030104339122772,0.9733333587646484,0.6933333277702332,0.0005
0.09023720771074295,0.01507864985615015,0.16539578139781952,1.0,0.800000011920929,0.16039150953292847,0.025789380073547363,0.2949936091899872,0.9866666793823242,0.699999988079071,0.0005
0.10267528891563416,0.04153452813625336,0.16381603479385376,0.9800000190734863,0.800000011920929,0.43798649311065674,0.4879991114139557,0.3879738748073578,0.7866666913032532,0.54666668176651,0.0005
0.10703381896018982,0.03901068493723869,0.17505693435668945,1.0,0.800000011920929,0.25823527574539185,0.1942054033279419,0.3222651779651642,0.9266666769981384,0.6866666674613953,0.0005
0.11131756752729416,0.03901528939604759,0.18361984193325043,0.9800000190734863,0.7799999713897705,0.18539828062057495,0.0446380078792572,0.3261586129665375,0.9933333396911621,0.6933333277702332,0.0005
0.0884142518043518,0.006328381132334471,0.17050012946128845,1.0,0.8399999737739563,0.18216481804847717,0.04714372381567955,0.3171859085559845,0.9733333587646484,0.7066666483879089,0.0005
0.09148788452148438,0.007156642619520426,0.17581912875175476,1.0,0.7599999904632568,0.16216734051704407,0.039430588483810425,0.2849040627479553,0.9800000190734863,0.699999988079071,0.0005
0.08100693672895432,0.005963190924376249,0.1560506969690323,1.0,0.800000011920929,0.20508983731269836,0.07026125490665436,0.33991846442222595,0.9733333587646484,0.6000000238418579,0.0005
0.09112140536308289,0.007397642359137535,0.17484517395496368,1.0,0.8199999928474426,0.1505768895149231,0.024765610694885254,0.2763882279396057,0.9933333396911621,0.699999988079071,0.0005
0.08159038424491882,0.008035605773329735,0.15514516830444336,1.0,0.8600000143051147,0.1562880426645279,0.025288058444857597,0.28728803992271423,0.9933333396911621,0.7066666483879089,0.0005
0.0840994268655777,0.008586176671087742,0.15961270034313202,1.0,0.7599999904632568,0.15596142411231995,0.025111619383096695,0.2868112325668335,0.9933333396911621,0.699999988079071,0.0005
0.09360124915838242,0.015676073729991913,0.17152643203735352,1.0,0.7799999713897705,0.154631569981575,0.033628109842538834,0.2756350338459015,0.9933333396911621,0.7200000286102295,0.0005
0.06699716299772263,0.008485849015414715,0.12550847232341766,1.0,0.8999999761581421,0.16383807361125946,0.04809913784265518,0.27957698702812195,0.9733333587646484,0.699999988079071,0.0005
0.08217848092317581,0.005961808376014233,0.1583951711654663,1.0,0.800000011920929,0.16502174735069275,0.050321996212005615,0.2797214686870575,0.9733333587646484,0.6666666865348816,0.0005
0.09431811422109604,0.048780955374240875,0.1398552656173706,0.9800000190734863,0.8600000143051147,0.14869840443134308,0.02949528396129608,0.2679015100002289,0.9933333396911621,0.7133333086967468,0.0005
0.09111723303794861,0.021769780665636063,0.16046468913555145,1.0,0.8399999737739563,0.15671083331108093,0.049988389015197754,0.2634332776069641,0.9800000190734863,0.7266666889190674,0.0005
0.08463283628225327,0.006167120300233364,0.16309854388237,1.0,0.800000011920929,0.20331555604934692,0.1347571164369583,0.2718740403652191,0.9333333373069763,0.6733333468437195,0.0005
0.09813778102397919,0.01453556027263403,0.18174000084400177,1.0,0.7599999904632568,0.18370190262794495,0.08387145400047302,0.28353235125541687,0.9666666388511658,0.6800000071525574,0.0005
0.08920884877443314,0.010042926296591759,0.16837479174137115,1.0,0.800000011920929,0.14398445188999176,0.02977859415113926,0.2581902742385864,0.9933333396911621,0.7066666483879089,0.0005
0.0886424258351326,0.006838555913418531,0.1704462766647339,1.0,0.8199999928474426,0.15218707919120789,0.02509789727628231,0.2792762517929077,0.9933333396911621,0.6866666674613953,0.0005
0.1015879437327385,0.02857212722301483,0.17460374534130096,1.0,0.800000011920929,0.1633620709180832,0.03338538482785225,0.29333874583244324,0.9933333396911621,0.6933333277702332,0.0005
0.09029856324195862,0.010039087384939194,0.17055805027484894,1.0,0.8199999928474426,0.15690237283706665,0.05029267817735672,0.2635120749473572,0.9733333587646484,0.699999988079071,0.0005
0.07873033732175827,0.007518329191952944,0.1499423235654831,1.0,0.8399999737739563,0.17173974215984344,0.0650140792131424,0.2784653902053833,0.9733333587646484,0.6933333277702332,0.0005
0.08413884043693542,0.009021817706525326,0.15925586223602295,1.0,0.8399999737739563,0.14767417311668396,0.03356654569506645,0.26178181171417236,0.9866666793823242,0.7133333086967468,0.0005
0.07749033719301224,0.006233380641788244,0.1487472653388977,1.0,0.8199999928474426,0.13927488029003143,0.020139245316386223,0.2584105432033539,0.9933333396911621,0.7333333492279053,0.0005
0.07699187099933624,0.008000148460268974,0.14598360657691956,1.0,0.8799999952316284,0.1464066356420517,0.03709406033158302,0.25571921467781067,0.9800000190734863,0.746666669845581,0.0005
0.07612406462430954,0.010395308956503868,0.14185281097888947,1.0,0.8600000143051147,0.1567203253507614,0.031755249947309494,0.28168535232543945,0.9866666793823242,0.7133333086967468,0.0005
0.07826322317123413,0.005460074171423912,0.1510663777589798,1.0,0.8600000143051147,0.1588592380285263,0.029588716104626656,0.2881297767162323,0.9866666793823242,0.7066666483879089,0.0005
0.10105635970830917,0.023551616817712784,0.17856109142303467,1.0,0.800000011920929,0.14573298394680023,0.022145351395010948,0.26932063698768616,1.0,0.7200000286102295,0.0005
0.10831412672996521,0.06909754872322083,0.1475306749343872,0.9800000190734863,0.8600000143051147,0.1959335058927536,0.04157275706529617,0.3502942621707916,0.9866666793823242,0.6733333468437195,0.0005
0.12841784954071045,0.08216575533151627,0.17466995120048523,0.9599999785423279,0.800000011920929,0.21525292098522186,0.07395601272583008,0.35654979944229126,0.9666666388511658,0.6600000262260437,0.0005
0.1195705384016037,0.073088638484478,0.1660524308681488,0.9800000190734863,0.8600000143051147,0.5147771239280701,0.6803227663040161,0.34923145174980164,0.6733333468437195,0.6933333277702332,0.0005
